name,label
bike\00000000.jpg,bike
bike\00000001.jpg,bike
bike\00000003.jpg,bike
bike\00000004.jpg,bike
bike\00000005.jpg,bike
bike\00000006.jpeg,bike
bike\00000007.jpg,bike
bike\00000008.jpg,bike
bike\00000009.jpg,bike
bike\00000011.jpg,bike
bike\00000012.jpg,bike
bike\00000014.jpg,bike
bike\00000015.png,bike
bike\00000016.jpg,bike
bike\00000017.jpg,bike
bike\00000018.jpg,bike
bike\00000019.jpeg,bike
bike\00000020.jpg,bike
bike\00000021.jpg,bike
bike\00000022.jpg,bike
bike\00000023.jpg,bike
bike\00000025.jpg,bike
bike\00000026.jpg,bike
bike\00000027.jpg,bike
bike\00000028.jpg,bike
bike\00000030.png,bike
bike\00000031.jpg,bike
bike\00000034.jpg,bike
bike\00000036.jpg,bike
bike\00000037.jpg,bike
bike\00000038.jpg,bike
bike\00000039.jpg,bike
bike\00000040.png,bike
bike\00000042.jpeg,bike
bike\00000043.jpg,bike
bike\00000044.jpg,bike
bike\00000045.jpg,bike
bike\00000049.jpg,bike
bike\00000050.jpg,bike
bike\00000051.jpg,bike
bike\00000053.jpg,bike
bike\00000055.jpg,bike
bike\00000056.jpg,bike
bike\00000057.jpg,bike
bike\00000058.png,bike
bike\00000061.jpg,bike
bike\00000062.jpg,bike
bike\00000063.jpg,bike
bike\00000064.jpg,bike
bike\00000066.jpg,bike
bike\00000067.png,bike
bike\00000069.jpg,bike
bike\00000072.jpg,bike
bike\00000073.jpg,bike
bike\00000075.jpg,bike
bike\00000076.png,bike
bike\00000078.jpg,bike
bike\00000079.jpg,bike
bike\00000080.jpg,bike
bike\00000085.jpg,bike
bike\00000087.jpg,bike
bike\00000088.jpg,bike
bike\00000090.jpg,bike
bike\00000092.jpg,bike
bike\00000093.jpg,bike
bike\00000094.jpg,bike
bike\00000096.png,bike
bike\00000097.JPG,bike
bike\00000098.jpg,bike
bike\00000099.jpg,bike
bike\00000100.jpg,bike
bike\00000101.jpg,bike
bike\00000104.jpg,bike
bike\00000105.jpeg,bike
bike\00000106.png,bike
bike\00000108.jpg,bike
bike\00000109.jpg,bike
bike\00000110.jpg,bike
bike\00000111.jpg,bike
bike\00000112.jpeg,bike
bike\00000113.jpg,bike
bike\00000114.jpg,bike
bike\00000117.jpg,bike
bike\00000119.jpg,bike
bike\00000120.jpg,bike
bike\00000121.jpg,bike
bike\00000123.jpg,bike
bike\00000124.jpg,bike
bike\00000125.png,bike
bike\00000127.jpg,bike
bike\00000129.jpg,bike
bike\00000130.jpg,bike
bike\00000131.jpg,bike
bike\00000132.jpeg,bike
bike\00000133.jpg,bike
bike\00000134.jpg,bike
bike\00000135.jpg,bike
bike\00000136.jpg,bike
bike\00000137.jpg,bike
bike\00000138.jpg,bike
bike\00000140.jpg,bike
bike\00000142.jpg,bike
bike\00000143.jpg,bike
bike\00000144.jpg,bike
bike\00000145.jpg,bike
bike\00000146.jpg,bike
bike\00000147.jpg,bike
bike\00000148.png,bike
bike\00000149.jpg,bike
bike\00000151.jpeg,bike
bike\00000152.png,bike
bike\00000153.jpg,bike
bike\00000154.jpg,bike
bike\00000155.jpg,bike
bike\00000156.jpg,bike
bike\00000158.jpg,bike
bike\00000159.jpg,bike
bike\00000160.jpg,bike
bike\00000161.jpg,bike
bike\00000162.jpg,bike
bike\00000163.jpg,bike
bike\00000165.jpg,bike
bike\00000166.jpg,bike
bike\00000168.jpg,bike
bike\00000169.jpg,bike
bike\00000170.jpg,bike
bike\00000171.jpg,bike
bike\00000172.jpg,bike
bike\00000175.jpg,bike
bike\00000176.jpg,bike
bike\00000177.jpg,bike
bike\00000178.jpg,bike
bike\00000179.jpg,bike
bike\00000180.jpg,bike
bike\00000181.jpg,bike
bike\00000182.jpg,bike
bike\00000183.jpg,bike
bike\00000184.jpg,bike
bike\00000185.jpg,bike
bike\00000186.png,bike
bike\00000187.jpg,bike
bike\00000188.jpeg,bike
bike\00000189.jpg,bike
bike\00000192.jpg,bike
bike\00000193.jpg,bike
bike\00000194.jpg,bike
bike\00000195.jpg,bike
bike\00000196.jpg,bike
bike\00000197.jpg,bike
bike\00000199.jpg,bike
bike\00000200.jpg,bike
bike\00000201.png,bike
bike\00000202.jpg,bike
bike\00000205.jpg,bike
bike\00000207.jpg,bike
bike\00000208.jpg,bike
bike\00000211.jpg,bike
bike\00000214.jpg,bike
bike\00000215.jpg,bike
bike\00000216.jpg,bike
bike\00000217.jpg,bike
bike\00000219.jpg,bike
bike\00000220.jpg,bike
bike\00000221.jpg,bike
bike\00000223.jpg,bike
bike\00000226.jpg,bike
bike\00000230.jpg,bike
bike\00000231.jpg,bike
bike\00000232.jpg,bike
bike\00000233.jpg,bike
bike\00000234.jpg,bike
bike\00000235.jpg,bike
bike\00000237.jpg,bike
bike\00000238.jpg,bike
bike\00000240.jpg,bike
bike\00000241.jpg,bike
bike\00000242.jpg,bike
bike\00000244.jpg,bike
bike\00000245.jpg,bike
bike\00000246.jpg,bike
bike\00000249.jpg,bike
bike\00000250.jpg,bike
bike\00000252.jpg,bike
bike\00000253.jpeg,bike
bike\00000254.jpg,bike
bike\00000255.jpg,bike
bike\00000257.jpg,bike
bike\00000258.jpg,bike
bike\00000259.png,bike
bike\00000260.jpg,bike
bike\00000261.jpg,bike
bike\00000262.png,bike
bike\00000263.jpg,bike
bike\00000266.jpeg,bike
bike\00000268.png,bike
bike\00000269.jpg,bike
bike\00000270.jpg,bike
bike\00000272.jpg,bike
bike\00000273.jpg,bike
bike\00000274.jpg,bike
bike\00000275.jpg,bike
bike\00000276.jpg,bike
bike\00000278.jpeg,bike
bike\00000279.jpg,bike
bike\00000280.jpg,bike
bike\00000281.jpg,bike
bike\00000284.jpg,bike
bike\00000285.jpg,bike
bike\00000286.jpg,bike
bike\00000287.jpg,bike
bike\00000288.jpeg,bike
bike\00000289.jpg,bike
bike\00000290.bjs1NjYyNzk7ajsxODAwNjsxMjAwOzQwMDs1NTM.jpg,bike
bike\00000291.jpg,bike
bike\00000293.jpg,bike
bike\00000294.jpg,bike
bike\00000295.jpg,bike
bike\00000296.jpg,bike
bike\00000298.jpg,bike
bike\00000299.jpg,bike
bike\00000300.jpg,bike
bike\00000301.jpg,bike
bike\00000302.jpg,bike
bike\00000303.jpg,bike
bike\00000305.jpg,bike
bike\00000306.jpg,bike
bike\00000307.jpg,bike
bike\00000312.jpg,bike
bike\00000314.jpg,bike
bike\00000317.png,bike
bike\00000318.jpg,bike
bike\00000319.jpg,bike
bike\00000320.jpg,bike
bike\00000321.jpg,bike
bike\00000322.jpg,bike
bike\00000323.jpg,bike
bike\00000324.jpg,bike
bike\00000325.jpg,bike
bike\00000326.jpg,bike
bike\00000327.jpg,bike
bike\00000328.jpg,bike
bike\00000330.jpg,bike
bike\00000331.jpeg,bike
bike\00000332.jpg,bike
bike\00000333.jpg,bike
bike\00000335.jpg,bike
bike\00000336.jpg,bike
bike\00000337.jpg,bike
bike\00000339.jpg,bike
bike\00000340.jpg,bike
bike\00000341.jpg,bike
bike\00000342.jpg,bike
bike\00000343.jpg,bike
bike\00000344.jpg,bike
bike\00000345.jpg,bike
bike\00000346.jpg,bike
bike\00000349.jpeg,bike
bike\00000350.jpg,bike
bike\00000351.jpg,bike
bike\00000354.jpg,bike
bike\00000355.jpg,bike
bike\00000356.jpg,bike
bike\00000357.jpg,bike
bike\00000363.jpg,bike
bike\00000364.png,bike
bike\00000365.jpg,bike
bike\00000367.jpg,bike
bike\00000368.jpeg,bike
bike\00000369.jpg,bike
bike\00000370.jpg,bike
bike\00000371.jpg,bike
bike\00000373.png,bike
bike\00000375.jpg,bike
bike\00000376.jpg,bike
bike\00000377.jpg,bike
bike\00000380.jpg,bike
bike\00000381.jpg,bike
bike\00000382.jpg,bike
bike\00000384.jpg,bike
bike\00000386.jpg,bike
bike\00000387.jpeg,bike
bike\00000388.JPG,bike
bike\00000390.jpg,bike
bike\00000393.jpg,bike
bike\00000394.jpg,bike
bike\00000395.jpg,bike
bike\00000396.jpg,bike
bike\00000399.jpg,bike
car\00000000.jpg,car
car\00000001.jpg,car
car\00000002.jpg,car
car\00000003.jpg,car
car\00000004.jpg,car
car\00000005.jpg,car
car\00000007.jpg,car
car\00000008.jpg,car
car\00000010.jpg,car
car\00000011.jpg,car
car\00000012.jpg,car
car\00000013.jpg,car
car\00000014.jpg,car
car\00000015.jpg,car
car\00000016.jpg,car
car\00000018.png,car
car\00000019.jpg,car
car\00000020.jpg,car
car\00000021.jpg,car
car\00000023.jpg,car
car\00000028.jpg,car
car\00000029.jpg,car
car\00000030.jpg,car
car\00000031.JPG,car
car\00000032.jpg,car
car\00000033.jpg,car
car\00000035.jpg,car
car\00000039.jpg,car
car\00000040.jpeg,car
car\00000041.png,car
car\00000042.png,car
car\00000043.png,car
car\00000044.jpg,car
car\00000046.jpg,car
car\00000047.jpg,car
car\00000048.png,car
car\00000049.jpg,car
car\00000050.jpg,car
car\00000052.jpg,car
car\00000053.jpg,car
car\00000054.jpg,car
car\00000055.jpg,car
car\00000057.jpg,car
car\00000058.jpg,car
car\00000059.jpg,car
car\00000060.jpg,car
car\00000061.jpg,car
car\00000062.jpg,car
car\00000063.jpg,car
car\00000067.jpg,car
car\00000070.png,car
car\00000071.jpg,car
car\00000072.jpg,car
car\00000073.jpg,car
car\00000074.jpg,car
car\00000075.jpg,car
car\00000076.jpg,car
car\00000077.jpg,car
car\00000079.png,car
car\00000080.jpg,car
car\00000083.png,car
car\00000084.jpg,car
car\00000085.jpg,car
car\00000086.jpg,car
car\00000088.jpg,car
car\00000090.jpg,car
car\00000091.jpg,car
car\00000094.jpeg,car
car\00000096.jpg,car
car\00000097.jpg,car
car\00000098.jpg,car
car\00000101.jpg,car
car\00000102.png,car
car\00000103.jpg,car
car\00000104.jpg,car
car\00000105.jpg,car
car\00000106.JPG,car
car\00000107.png,car
car\00000108.png,car
car\00000109.jpg,car
car\00000111.jpg,car
car\00000112.png,car
car\00000113.jpg,car
car\00000114.jpg,car
car\00000117.jpg,car
car\00000118.jpg,car
car\00000119.jpg,car
car\00000123.jpg,car
car\00000124.jpg,car
car\00000125.jpg,car
car\00000126.jpg,car
car\00000129.jpg,car
car\00000130.jpg,car
car\00000131.jpg,car
car\00000132.jpg,car
car\00000133.jpg,car
car\00000134.jpg,car
car\00000135.jpg,car
car\00000136.jpg,car
car\00000137.jpg,car
car\00000139.jpg,car
car\00000140.jpg,car
car\00000141.jpeg,car
car\00000144.jpg,car
car\00000145.jpg,car
car\00000146.jpg,car
car\00000147.png,car
car\00000148.jpg,car
car\00000149.jpg,car
car\00000150.jpg,car
car\00000151.jpg,car
car\00000152.jpg,car
car\00000155.jpg,car
car\00000156.jpg,car
car\00000159.png,car
car\00000161.jpg,car
car\00000162.jpg,car
car\00000163.jpg,car
car\00000165.png,car
car\00000166.jpg,car
car\00000169.jpg,car
car\00000170.jpg,car
car\00000171.jpg,car
car\00000173.jpg,car
car\00000174.jpg,car
car\00000175.jpg,car
car\00000176.jpg,car
car\00000178.jpeg,car
car\00000179.jpg,car
car\00000180.jpg,car
car\00000183.jpg,car
car\00000184.jpg,car
car\00000185.jpg,car
car\00000186.jpg,car
car\00000188.jpg,car
car\00000189.jpg,car
car\00000190.jpg,car
car\00000191.jpg,car
car\00000192.png,car
car\00000194.jpeg,car
car\00000195.jpg,car
car\00000196.jpg,car
car\00000197.jpg,car
car\00000199.jpg,car
car\00000200.jpg,car
car\00000201.jpg,car
car\00000202.jpg,car
car\00000203.png,car
car\00000204.jpg,car
car\00000205.jpg,car
car\00000206.jpg,car
car\00000207.jpg,car
car\00000208.jpg,car
car\00000209.jpg,car
car\00000210.jpg,car
car\00000211.jpg,car
car\00000212.jpg,car
car\00000213.jpg,car
car\00000214.jpg,car
car\00000215.jpg,car
car\00000216.jpg,car
car\00000217.jpeg,car
car\00000218.png,car
car\00000220.jpg,car
car\00000221.jpg,car
car\00000222.png,car
car\00000223.jpg,car
car\00000224.jpg,car
car\00000226.jpg,car
car\00000227.png,car
car\00000229.jpg,car
car\00000232.jpg,car
car\00000234.jpg,car
car\00000235.jpg,car
car\00000236.jpg,car
car\00000238.jpg,car
car\00000239.jpg,car
car\00000240.jpg,car
car\00000241.jpg,car
car\00000242.jpg,car
car\00000244.jpg,car
car\00000246.jpg,car
car\00000247.jpg,car
car\00000248.png,car
car\00000250.jpg,car
car\00000252.jpg,car
car\00000254.png,car
car\00000255.jpg,car
car\00000256.jpg,car
car\00000258.jpg,car
car\00000259.JPG,car
car\00000260.jpg,car
car\00000261.jpg,car
car\00000265.png,car
car\00000266.jpg,car
car\00000267.jpg,car
car\00000269.png,car
car\00000270.jpg,car
car\00000271.jpg,car
car\00000272.png,car
car\00000273.jpg,car
car\00000274.jpg,car
car\00000278.jpg,car
car\00000279.jpg,car
car\00000280.png,car
car\00000281.jpeg,car
car\00000282.jpg,car
car\00000283.jpg,car
car\00000284.jpg,car
car\00000285.jpg,car
car\00000286.jpeg,car
car\00000288.jpg,car
car\00000289.jpg,car
car\00000291.png,car
car\00000293.png,car
car\00000294.jpg,car
car\00000295.jpg,car
car\00000297.jpg,car
car\00000298.jpg,car
car\00000299.jpg,car
car\00000300.JPG,car
car\00000302.jpg,car
car\00000303.png,car
car\00000304.jpg,car
car\00000305.jpg,car
car\00000306.jpg,car
car\00000307.jpg,car
car\00000308.jpg,car
car\00000309.jpg,car
car\00000310.png,car
car\00000311.jpg,car
car\00000312.jpg,car
car\00000313.jpg,car
car\00000315.jpg,car
car\00000316.jpg,car
car\00000317.jpg,car
car\00000318.jpg,car
car\00000319.jpg,car
car\00000320.JPG,car
car\00000321.jpg,car
car\00000322.jpg,car
car\00000323.jpg,car
car\00000324.jpg,car
car\00000325.jpg,car
car\00000327.jpg,car
car\00000328.jpg,car
car\00000329.jpg,car
car\00000331.jpg,car
car\00000333.jpg,car
car\00000334.jpg,car
car\00000336.jpg,car
car\00000337.png,car
car\00000338.jpg,car
car\00000339.jpg,car
car\00000340.png,car
car\00000341.jpg,car
car\00000342.png,car
car\00000344.jpg,car
car\00000345.png,car
car\00000346.jpg,car
car\00000348.jpg,car
car\00000349.jpg,car
car\00000351.jpeg,car
car\00000352.jpg,car
car\00000353.jpg,car
car\00000355.jpg,car
car\00000356.png,car
car\00000357.png,car
car\00000358.jpg,car
car\00000359.png,car
car\00000360.jpg,car
car\00000361.jpg,car
car\00000362.png,car
car\00000364.jpg,car
car\00000365.jpg,car
car\00000366.jpg,car
car\00000367.jpg,car
car\00000368.jpg,car
car\00000369.jpg,car
car\00000370.jpg,car
car\00000371.jpeg,car
car\00000374.png,car
car\00000375.jpg,car
car\00000377.jpg,car
car\00000378.png,car
car\00000379.jpg,car
car\00000380.jpg,car
car\00000381.jpg,car
car\00000383.jpg,car
car\00000384.jpg,car
car\00000385.jpg,car
car\00000387.jpg,car
car\00000388.jpg,car
car\00000389.jpg,car
car\00000390.jpg,car
car\00000391.jpg,car
car\00000393.jpg,car
car\00000394.jpg,car
car\00000397.jpeg,car
car\00000399.jpg,car
